{"cameraMode":{"drawMode":0,"name":"Shaded","section":"Shading Mode"},"sceneLighting":true,"audioPlay":false,"sceneViewState":{"showFog":true,"showMaterialUpdate":true,"showSkybox":true,"showFlares":true,"showImageEffects":true,"showParticleSystems":true},"in2DMode":false,"pivot":{"x":14.728103637695313,"y":-6.173868179321289,"z":10.664104461669922},"rotation":{"x":0.16702769696712495,"y":0.4470312297344208,"z":-0.08537919074296951,"w":0.8746545314788818},"size":9.90327262878418,"orthographic":false}