{"cameraMode":{"drawMode":0,"name":"Shaded","section":"Shading Mode"},"sceneLighting":false,"audioPlay":false,"sceneViewState":{"showFog":true,"showMaterialUpdate":true,"showSkybox":false,"showFlares":true,"showImageEffects":true,"showParticleSystems":true},"in2DMode":false,"pivot":{"x":0.004508339799940586,"y":0.036887869238853458,"z":0.00814714003354311},"rotation":{"x":0.11484754830598831,"y":0.1634221076965332,"z":-0.019173117354512216,"w":0.9796909689903259},"size":0.0746873989701271,"orthographic":false}