{"cameraMode":{"drawMode":0,"name":"Shaded","section":"Shading Mode"},"sceneLighting":false,"audioPlay":false,"sceneViewState":{"showFog":true,"showMaterialUpdate":true,"showSkybox":false,"showFlares":true,"showImageEffects":true,"showParticleSystems":true},"in2DMode":false,"pivot":{"x":1.0,"y":0.9302926659584045,"z":11.679325103759766},"rotation":{"x":0.41569921374320986,"y":-0.0011083047138527036,"z":0.0004864559741690755,"w":0.9095340967178345},"size":1.5372942686080933,"orthographic":false}