{"cameraMode":{"drawMode":0,"name":"Shaded","section":"Shading Mode"},"sceneLighting":false,"audioPlay":false,"sceneViewState":{"showFog":true,"showMaterialUpdate":true,"showSkybox":false,"showFlares":true,"showImageEffects":true,"showParticleSystems":true},"in2DMode":false,"pivot":{"x":0.3115839958190918,"y":3.630007028579712,"z":0.5711448192596436},"rotation":{"x":0.1624341905117035,"y":0.10575074702501297,"z":-0.017516348510980607,"w":0.9808958768844605},"size":6.8722310066223148,"orthographic":false}